{"cameraMode":{"drawMode":0,"name":"Shaded","section":"Shading Mode"},"sceneLighting":false,"audioPlay":false,"sceneViewState":{"m_AlwaysRefresh":false,"showFog":false,"showSkybox":false,"showFlares":false,"showImageEffects":false,"showParticleSystems":false,"showVisualEffectGraphs":true,"m_FxEnabled":true},"in2DMode":false,"pivot":{"x":0.0028345584869384767,"y":0.7812868356704712,"z":0.006883680820465088},"rotation":{"x":-0.10598964244127274,"y":0.6023151874542236,"z":-0.08096432685852051,"w":-0.7867118120193481},"size":1.443373203277588,"orthographic":false}